geo,name,2000,2001,2002,2003,2004,2005,2006,2007,2008,2009,2010,2011,2012,2013,2014,2015,2016,2017,2018,2019,2020,2021,2022,2023,2024
afg,Afghanistan,29.73097,29.76293,31.83608,33.90863,35.99935,38.10805,40.21576,42.4295,44.65379,46.88858,49.13379,51.38967,53.65581,55.93214,58.21857,60.51535,62.82207,65.14214,67.47587,69.8227,72.18207,74.55453,76.93921,78.92656,80.83244
ago,Angola,37.84224,38.33882,38.83539,40.39652,41.97724,43.57434,45.014,46.46865,47.93902,49.42318,50.92228,52.43574,53.96293,55.50323,57.05691,58.61963,60.19206,61.77351,63.36279,64.15991,64.94403,65.71626,66.47633,67.22443,67.96074
alb,Albania,86.39704,86.90407,87.45164,87.98719,88.51058,89.02119,89.51913,90.00419,90.47615,90.93441,91.37948,91.81088,92.22878,92.63159,93.02005,93.39433,93.75488,94.1021,94.43639,94.75822,95.06804,95.08152,95.09457,95.10721,95.11943
and,Andorra,100,100,100,100,100,100,100,100,100,100,100,100,100,100,100,100,100,100,100,100,100,100,100,100,100
are,UAE,99.61583,99.61389,99.6348,99.65597,99.67738,99.69903,99.72092,99.74304,99.76541,99.788,99.81079,99.8338,99.85701,99.88041,99.90399,99.92775,99.95167,99.97576,100,100,100,100,100,100,100
arg,Argentina,96.28403,96.52282,96.75547,96.98242,97.20434,97.42118,97.63321,97.84036,98.04287,98.24074,98.43405,98.62186,98.8053,98.8642,98.92325,98.98231,99.04137,,,,,,,,
arm,Armenia,95.66867,95.8831,96.11124,96.34512,96.58054,96.81747,97.05602,97.29609,97.53779,97.78103,98.02586,98.27229,98.52033,98.77056,99.01735,99.21989,99.32004,99.42045,99.46264,99.45918,99.45611,99.45348,99.91285,99.9222,99.93157
atg,Antigua and Barbuda,97.45779,97.52484,97.58932,97.65498,97.72178,97.78971,97.85875,97.92888,98.00008,98.07236,98.14566,98.22017,98.29711,98.37434,98.45187,98.5297,98.60784,98.68624,98.76485,98.84362,98.92249,98.92263,98.92271,98.92275,98.92273
aus,Australia,99.7123,99.71124,99.71219,99.73436,99.75634,99.77815,99.79977,99.82125,99.84255,99.86368,99.88314,99.89197,99.90077,99.90959,99.96148,99.97001,99.96997,99.96993,99.96989,99.96985,99.96982,99.96977,99.96973,99.96968,99.96964
aut,Austria,100,100,100,100,100,100,100,100,100,100,100,100,100,100,100,100,100,100,100,100,100,100,100,100,100
aze,Azerbaijan,75.56276,76.47357,77.38592,78.30042,79.21664,80.13421,81.05339,81.97438,82.89654,83.82009,84.74875,85.68163,86.6181,87.55772,88.49958,89.44304,90.3874,91.33198,92.27607,93.21883,94.1597,95.09774,96.00357,96.84904,97.68808
bdi,Burundi,49.905,50.60764,51.31359,52.02244,52.73415,53.44864,54.16619,54.88641,55.6099,56.33558,57.06472,57.79689,58.53169,59.27002,60.0108,60.7546,61.50132,62.25085,63.00311,63.75799,64.40287,65.0493,65.69756,65.80699,65.9191
bel,Belgium,100,100,100,100,100,100,100,100,100,100,100,100,100,100,100,100,100,100,100,100,100,100,100,100,100
ben,Benin,61.05343,61.41105,61.78269,62.17777,62.56948,62.9573,63.34142,63.722,64.09877,64.47128,64.83989,65.20457,65.56525,65.92152,66.2746,66.62403,66.96971,67.31153,67.64941,67.98325,68.31295,68.63812,68.95898,69.27529,69.58684
bfa,Burkina Faso,55.63909,55.8329,55.61143,55.39031,55.17129,54.95405,54.74041,54.47751,54.17093,53.86076,53.54818,53.23372,52.91757,52.60027,52.28273,51.96513,51.64806,51.33083,51.01436,50.69962,50.38626,50.07527,49.76626,49.46066,49.99866
bgd,Bangladesh,94.55666,94.7287,94.90527,95.08058,95.25455,95.46159,95.66656,95.86936,96.06989,96.26805,96.46384,96.65714,96.84777,97.03565,97.2208,97.40314,97.5827,97.75943,97.93332,98.10436,98.27257,98.43794,98.5793,98.68167,98.78254
bgr,Bulgaria,99.73772,99.70793,99.67888,99.65042,99.62257,99.59529,99.56858,99.54246,99.5169,99.49189,99.46744,99.44354,99.42022,99.39748,99.37531,99.35373,99.33272,99.31231,99.29245,99.27317,99.25446,99.23632,99.21874,99.20173,99.18525
bhr,Bahrain,99.95867,99.95673,99.95479,99.95285,99.95091,99.94897,99.94704,99.9451,99.94316,99.94122,99.93928,99.93734,99.93541,99.93347,99.93153,99.92959,99.92765,99.92571,99.92378,99.92184,99.9199,99.9199,99.9199,99.9199,99.9199
bhs,Bahamas,98.07059,98.1289,98.18722,98.24553,98.30384,98.36215,98.42046,98.47877,98.53708,98.59539,98.65371,98.71202,98.77033,98.82864,98.88695,98.94526,98.94526,98.94526,98.94526,98.94526,,,,,
bih,Bosnia and Herzegovina,97.40483,97.3195,97.23201,97.1423,97.0504,96.95627,96.85992,96.76135,96.66055,96.55753,96.45228,96.3448,96.23507,96.12312,96.00892,96.06944,96.07241,96.1569,96.14784,96.13847,96.12879,96.11884,96.10862,96.0981,96.08731
blr,Belarus,97.85231,97.84886,97.84556,97.84224,97.92124,98.00093,98.08116,98.16161,98.24236,98.32409,98.40673,98.48988,98.57378,98.65837,98.74354,98.82923,98.91525,99.00151,99.08804,99.17501,99.26235,99.39322,99.85841,99.87558,99.89249
blz,Belize,89.4208,89.66722,89.91358,90.15989,90.40614,90.65232,90.89846,91.14454,91.39055,91.63651,91.88016,92.12487,92.37076,92.61788,92.86621,93.11588,93.36693,93.61935,93.87317,94.13162,94.39188,94.61482,94.72204,94.82988,94.84733
bol,Bolivia,81.2239,81.83862,82.43119,83.01306,83.58796,84.15524,84.71596,85.26917,85.81588,86.35518,86.88744,87.41302,87.93166,88.42817,88.90956,89.38568,89.85683,90.32252,90.78428,91.22905,91.66951,92.10561,92.53752,92.96477,93.38775
bra,Brazil,93.54167,93.87118,94.18643,94.49491,94.79651,95.09138,95.37982,95.66196,95.93789,96.20741,96.47098,96.73003,96.98319,97.23031,97.47191,97.70785,97.92176,98.19788,98.55801,98.77313,99.07207,99.42726,99.61494,99.89806,100
brb,Barbados,98.06857,98.11614,98.1637,98.21127,98.25884,98.30641,98.35398,98.40154,98.44911,98.49668,98.54425,98.59182,98.63939,98.68695,98.73452,98.78209,98.82966,98.87723,98.92479,98.97236,99.01993,99.0675,99.11507,99.16263,99.16263
brn,Brunei,99.56102,99.58358,99.60614,99.62869,99.65125,99.67381,99.69636,99.71892,99.74148,99.76403,99.78659,99.80915,99.8317,99.85426,99.87682,99.89937,99.90002,99.90004,99.90007,99.90009,100,100,100,100,100
btn,Bhutan,83.75012,84.65358,85.61518,86.56286,87.49598,88.40843,89.26131,90.10327,90.93403,91.75305,92.56029,93.35547,94.1375,94.90641,95.66236,96.40554,97.13614,97.85439,98.42662,98.96338,99.07752,99.19335,99.31081,99.42986,99.54658
bwa,Botswana,75.45957,75.75495,75.91391,76.05198,76.18888,76.32341,77.37937,78.81764,80.20836,81.5482,82.83969,84.08224,85.11982,86.10353,87.06201,87.99527,88.90367,89.78708,90.64382,91.47495,91.54614,91.61103,91.6703,91.72366,91.77136
caf,Central African Republic,59.01049,57.82858,56.65333,55.48438,54.3217,53.17255,52.03639,50.91299,49.80146,48.70128,47.61218,46.53332,45.46443,44.40493,43.354,42.31135,41.27664,40.24881,39.22755,38.21227,37.2024,36.19738,36.29504,36.39726,36.50403
can,Canada,99.55481,99.55944,99.56053,99.56164,99.56273,99.49697,99.43126,99.36645,99.30132,99.23586,99.17009,99.10386,99.0365,98.96908,98.90159,98.83403,98.7664,98.69873,98.631,98.56318,98.49524,98.42717,98.35893,98.2905,98.29026
che,Switzerland,100,100,100,100,100,100,100,100,100,100,100,100,100,100,100,100,100,100,100,100,100,100,100,100,100
chl,Chile,96.33915,96.50724,96.66259,96.78,96.89689,97.01269,97.12795,97.24234,97.35617,97.46914,97.58125,97.6928,97.80352,97.91354,98.02287,98.13151,98.24001,98.34838,98.45652,98.56422,98.67139,98.77802,98.88393,98.98903,99.08116
chn,China,80.59349,80.92796,81.86507,82.77916,83.66929,84.53339,85.36178,86.15917,86.93105,87.67566,88.39381,89.07379,89.72248,90.34479,90.94159,91.51259,92.05803,92.57731,93.06866,93.5327,93.97053,94.63297,95.43858,96.08834,96.12242
civ,Cote d'Ivoire,68.79461,69.17999,69.56308,69.9435,70.32156,70.69616,71.06799,71.43701,71.80317,72.1658,72.52553,72.88231,73.23581,73.58601,73.93287,74.279,74.62368,74.96705,75.30897,75.64902,75.98707,76.32298,76.65663,76.98789,77.24706
cmr,Cameroon,55.82137,56.66764,57.49556,58.30478,59.09587,59.86765,60.62115,61.35653,62.07391,62.77306,63.45451,64.11805,64.76384,65.39169,66.00181,66.59441,67.16967,67.72717,68.26777,68.79108,69.29765,69.78712,70.26006,70.71671,71.41018
cod,"Congo, Dem. Rep.",37.54954,37.52163,37.48461,37.43844,37.38308,37.32047,37.25155,37.17623,37.09343,37.00407,36.90708,36.80336,36.69185,36.57248,36.44566,36.31081,36.16788,36.01631,35.85649,35.68789,35.51045,35.32362,35.12735,35.40345,35.68136
cog,"Congo, Rep.",58.39881,58.69239,59.18422,59.67369,60.61816,61.56096,62.50179,63.44091,64.37912,65.31598,66.2516,67.18444,68.11463,69.04172,69.96481,70.88348,71.79735,72.70603,72.90205,73.09808,73.29368,73.48842,,,
col,Colombia,90.91903,91.23702,91.54972,91.85719,92.15923,92.4559,92.74729,93.03321,93.31401,93.58976,93.8603,94.12571,94.38632,94.64197,94.89275,95.13898,95.38072,95.61783,95.85043,96.07858,96.30258,96.52231,96.73804,96.94966,97.09657
com,Comoros,87.33876,87.52881,87.42648,87.32269,87.2175,87.11132,87.00425,86.89642,86.7879,86.67883,86.56936,86.45953,86.34948,86.23936,86.12919,86.01918,85.90943,85.8,85.691,85.58265,85.47501,85.36818,85.26234,85.15753,85.05393
cpv,Cape Verde,79.36776,79.66278,79.95277,80.2372,80.66026,81.08172,81.50212,81.92093,82.33869,82.75431,83.16633,83.52224,83.87749,84.2319,84.58546,84.9382,85.58132,86.33307,87.07555,87.80857,88.53257,89.24751,90.00893,91.14605,92.28009
cri,Costa Rica,94.65029,95.06242,95.45748,95.83566,96.19697,96.54132,96.86935,97.18121,97.47738,97.75779,98.00094,98.22837,98.47449,98.70639,98.92502,99.13136,99.3263,99.51067,99.68531,99.79753,99.81054,99.81187,99.81312,99.8143,99.81541
cub,Cuba,91.76107,91.91702,92.07048,92.21158,92.34125,92.46859,92.59504,92.72063,92.84532,92.96901,93.09183,93.21378,93.33486,93.45013,93.56367,93.67694,93.78972,93.90331,94.01754,94.13217,94.3125,94.77641,94.90022,95.02363,95.14641
cyp,Cyprus,99.88084,99.88071,99.88079,99.87715,99.87352,99.86653,99.85863,99.85069,99.84274,99.83475,99.82675,99.81873,99.81068,99.8026,99.79449,99.78637,99.77822,99.77006,99.76188,99.75371,99.74554,99.73737,99.72922,99.72108,99.72111
cze,Czech Republic,97.97225,97.97062,98.00883,98.04704,98.08525,98.12347,98.16169,98.19991,98.23815,98.27638,98.31463,98.35288,98.39229,98.53396,98.73021,98.73048,98.73075,98.73106,98.73139,98.73177,98.73218,98.73262,98.7331,98.73361,98.73415
deu,Germany,100,100,100,100,100,100,100,100,100,100,100,100,100,100,100,100,100,100,100,100,100,100,100,100,100
dji,Djibouti,74.30963,74.52757,74.74509,74.96217,75.17883,75.39476,75.61057,75.82596,76.04091,76.25516,76.47182,76.69075,76.91154,77.13434,77.35848,77.58462,77.81184,78.0403,78.26985,78.50038,78.73175,78.96363,79.19589,79.42863,79.66153
dma,Dominica,94.26687,94.38364,94.50723,94.62985,94.75156,94.87227,94.99208,95.11093,95.22886,95.34586,95.46192,95.5771,95.69143,95.80491,95.91752,96.02927,96.14016,96.25017,96.35929,96.46754,96.57489,96.68135,96.7869,96.89156,96.99531
dnk,Denmark,100,100,100,100,100,100,100,100,100,100,100,100,100,100,100,100,100,100,100,100,100,100,100,100,100
dom,Dominican Republic,91.01932,91.38156,91.73506,92.13836,92.55038,92.94425,93.32084,93.68018,94.02268,94.34795,94.65719,94.94116,95.2053,95.45692,95.69657,95.92469,96.14158,96.34747,96.54199,96.72589,96.8999,97.30547,97.36033,97.41075,97.45713
dza,Algeria,88.99381,89.1698,89.34364,89.51511,89.68422,89.85077,90.01502,90.17674,90.3362,90.49186,90.64434,90.79335,90.95471,91.11286,91.26806,91.42015,91.5694,91.71564,91.85912,91.9998,92.13782,92.27323,92.32367,92.37264,92.42003
ecu,Ecuador,84.75696,85.33272,85.86812,86.37706,86.79136,87.16572,87.48048,87.79221,88.10053,88.40548,88.70729,88.99957,89.28438,89.56629,89.84513,90.12129,90.39442,90.66471,90.93488,91.20469,91.4743,91.66797,91.72648,91.85981,92.07087
egy,Egypt,98.99336,98.92261,98.85193,98.78132,98.71077,98.64028,98.56986,98.49889,98.42754,98.35621,98.28486,98.21353,98.14157,98.0696,97.99758,97.92551,97.85344,97.78186,97.71081,97.64035,97.57053,97.50137,97.43289,97.36519,97.29824
eri,Eritrea,46.81422,47.12042,47.44092,47.77522,48.12342,48.48441,48.85949,49.24695,49.6487,49.81032,49.97738,50.15053,50.32917,50.70513,51.08356,51.46509,51.84972,,,,,,,,
esp,Spain,100,100,100,100,100,100,100,100,100,100,100,100,99.98617,99.95664,99.92694,99.92672,99.92651,99.92628,99.92606,99.92583,99.92561,99.92539,99.92515,99.92493,99.9247
est,Estonia,97.46676,97.60826,97.7507,97.89405,98.03835,98.18361,98.32978,98.47692,98.62502,98.77408,98.92409,99.07506,99.22915,99.38479,99.53931,99.69272,99.84503,99.92571,99.94854,99.97148,99.99453,100,100,100,100
eth,Ethiopia,18.75906,20.28613,21.81059,23.33038,24.84608,26.35761,27.86551,29.37846,30.98697,32.58824,34.18369,35.7719,37.35365,38.91893,40.47707,42.02727,43.56975,45.10328,46.62897,48.14648,49.65505,51.15478,52.64493,54.1256,55.59607
fin,Finland,100,100,100,100,100,100,100,100,100,100,100,100,100,100,100,100,100,100,100,100,100,100,100,100,100
fji,Fiji,94.81718,94.84408,94.87097,94.8927,94.91479,94.93704,94.95965,94.98255,95.01254,95.04454,95.07698,95.10974,95.14295,95.17632,95.21007,95.2442,95.27863,95.3133,95.34827,95.38332,95.41836,95.45346,95.48863,95.52378,95.56039
fra,France,100,100,100,100,100,100,100,100,100,100,100,100,100,100,100,100,100,100,100,100,100,100,100,100,100
fsm,"Micronesia, Fed. Sts.",91.79209,91.67271,91.55333,91.43394,91.31456,91.19518,91.07579,90.95641,90.83702,90.71764,90.59826,90.47887,90.35949,90.24011,90.12072,90.00134,89.88195,89.88195,89.88195,89.88195,89.88195,,,,
gab,Gabon,80.06525,80.56922,81.06,81.53732,82.00138,82.45192,82.89008,83.31557,83.72952,84.13072,84.52073,84.89927,85.26739,85.62393,85.96589,86.29303,86.60647,86.90725,87.19598,87.47285,87.7393,87.99547,88.24194,88.47926,88.5995
gbr,UK,100,100,100,100,100,100,100,100,100,100,100,100,100,100,100,100,100,100,100,100,100,100,100,100,100
geo,Georgia,94.06022,94.16199,94.29153,94.45326,94.59808,94.74148,94.88358,95.02436,95.16375,95.30174,95.43843,95.57372,95.70773,95.84029,95.97155,96.10145,96.23064,96.35888,96.48628,96.61274,96.73828,96.87791,97.01646,97.15384,97.29002
gha,Ghana,65.51722,66.27248,67.28702,68.30364,69.32259,70.34284,71.36516,72.38928,73.41521,74.44221,75.47127,76.50164,77.5331,78.56515,79.59784,80.63116,81.66515,82.69957,83.73447,84.76962,85.80528,86.84125,87.87755,88.89105,89.92201
gin,Guinea,49.75328,50.50364,51.2523,51.99963,52.74523,53.4891,54.23158,54.9723,55.71124,56.4484,57.1841,58.36031,59.5459,60.74079,61.94495,63.16257,64.39355,65.63776,66.8951,68.16513,69.44837,70.74436,72.05328,73.37437,74.19248
gmb,Gambia,71.75199,72.47099,73.1874,73.8942,74.57234,75.24829,75.92201,76.59349,77.2629,77.92951,78.59384,79.25554,79.91494,80.5712,81.22418,81.87375,82.51964,83.16206,83.80089,84.43619,85.06803,85.69631,86.32124,86.71557,87.10348
gnb,Guinea-Bissau,55.17973,55.63551,56.07668,56.50251,56.91331,57.30839,57.68868,58.05351,58.40316,58.73699,59.05613,59.35994,59.64864,59.92192,60.17997,60.42273,60.64989,60.86142,61.0575,61.23783,61.40237,61.55108,61.63635,61.72183,61.8077
gnq,Equatorial Guinea,51.09814,51.79044,52.542,53.35042,54.21503,55.13172,56.10058,57.11857,58.1838,59.29179,60.44136,61.62961,62.85389,63.67152,63.92648,64.1786,64.42552,64.66581,,,,,,,
grc,Greece,99.75781,99.77438,99.79199,99.80923,99.8261,99.8426,99.85874,99.87451,99.88995,99.90502,99.91976,99.93416,99.94824,99.96199,99.97542,99.98852,100,100,100,100,100,100,100,100,100
grd,Grenada,93.30764,93.53995,93.77227,94.00458,94.2369,94.46921,94.70153,94.93384,95.16616,95.39847,95.63079,95.8631,95.97139,95.62865,95.62865,95.62865,95.62865,95.62865,,,,,,,
gtm,Guatemala,87.50895,87.77526,88.03902,88.29666,88.54967,88.80014,89.0482,89.294,89.53753,89.77842,90.01717,90.25342,90.48743,90.72038,90.95219,91.18294,91.41221,91.64009,91.86647,92.09105,92.31382,92.53467,92.7535,92.97013,93.18454
guy,Guyana,89.32113,89.5993,89.87835,90.14739,90.41579,90.68663,90.95997,91.23571,91.51386,91.79444,92.07738,92.36266,92.66093,92.95924,93.25812,93.55731,93.85667,94.15601,94.45507,94.75371,95.0517,95.34884,95.64494,95.64461,95.64426
hnd,Honduras,85.70096,86.20428,86.72889,87.20315,87.67181,88.13396,88.59033,89.04057,89.48488,89.92277,90.35474,90.78036,91.2001,91.61341,92.02073,92.42145,92.81589,93.20397,93.58565,93.961,94.33011,94.69295,95.0904,95.43488,95.72937
hrv,Croatia,98.64513,98.65136,98.76254,98.87296,98.97927,99.08479,99.18951,99.29344,99.39657,99.49892,99.60046,99.70121,99.80122,99.90038,99.90057,99.90077,99.90098,99.90121,99.90145,99.90171,99.90198,99.90226,99.90256,99.90286,99.90318
hti,Haiti,54.39128,55.63707,56.86898,58.08342,58.97001,59.80483,60.62475,61.42852,62.21747,62.98881,63.74429,64.48323,65.20578,65.91056,66.5989,67.27022,67.92007,68.54712,69.15226,69.73601,70.48808,71.22169,71.93723,72.63512,73.31575
hun,Hungary,93.89585,94.1936,94.51336,94.82986,95.14326,95.45739,95.77152,96.0815,96.38735,96.68911,96.98423,97.27586,97.55974,97.83985,98.1179,98.39388,98.66795,98.94001,99.21004,99.47795,99.74372,99.97225,100,100,100
idn,Indonesia,75.77555,76.77505,77.76483,78.74458,79.71467,80.67395,81.62304,82.56148,83.48963,84.39133,85.16619,85.63781,86.07459,86.49724,86.90656,87.30237,87.68499,88.05413,88.41042,88.75389,89.08516,89.40411,89.71135,89.35785,89.00876
ind,India,79.49189,80.06599,80.76849,81.46934,82.16863,82.866,83.56155,84.25534,84.94731,85.63715,86.32492,87.01067,87.69519,88.37814,89.0594,89.73871,90.41583,91.09058,91.76265,92.43178,93.09773,93.76028,94.41913,95.07406,95.72474
irl,Ireland,96.64322,96.66367,96.68394,96.70387,96.72363,96.74324,96.76281,96.78273,96.80254,96.82224,96.84183,96.86129,96.88064,96.89989,96.91901,96.93804,96.95693,96.97558,96.99395,97.01205,97.02985,97.04737,97.06457,97.08146,97.09803
irn,Iran,94.20872,94.41274,94.61211,94.80689,94.99703,95.1825,95.36336,95.53549,95.70147,95.86354,96.02183,96.1763,96.32616,96.47182,96.61411,96.75292,96.88838,97.02044,97.14902,97.27418,97.39606,97.51463,97.63014,97.74255,97.85206
irq,Iraq,80.84652,81.73641,82.62604,83.5154,84.40449,85.29329,86.18151,87.06975,87.95768,88.84505,89.74768,90.65622,91.56041,92.46028,93.35602,94.24759,95.13617,96.02131,96.9024,97.77878,98.3599,98.37116,98.38285,98.39505,98.40769
isl,Iceland,100,100,100,100,100,100,100,100,100,100,100,100,100,100,100,100,100,100,100,100,100,100,100,100,100
isr,Israel,100,100,100,100,100,100,100,100,100,100,100,100,100,100,100,100,100,100,100,100,100,100,100,100,100
ita,Italy,99.55706,99.58277,99.60848,99.6342,99.65991,99.68562,99.71133,99.73705,99.76276,99.78847,99.81418,99.8399,99.86561,99.89132,99.91703,99.91703,99.91703,99.91703,99.91703,99.91703,99.91703,99.91703,99.91703,99.91703,99.91703
jam,Jamaica,93.04477,93.23146,93.4127,93.59166,93.54427,93.4959,93.35517,93.05019,92.74263,92.43233,92.1194,91.80394,91.4872,91.16916,90.84973,90.52873,90.20614,89.88181,89.55572,89.22772,88.89773,88.56567,88.23149,87.89503,87.55626
jor,Jordan,98.37543,98.40483,98.43422,98.46358,98.49294,98.54943,98.61204,98.67116,98.72701,98.7796,98.82927,98.87614,98.92042,98.9622,99.00175,99.02912,99.0561,99.08263,99.11244,99.142,99.17127,99.20032,99.22914,99.25773,99.28611
jpn,Japan,98.51961,98.51961,98.51961,98.51961,98.51961,98.55454,98.58946,98.62439,98.65931,98.69423,98.72916,98.76408,98.79901,98.83393,98.86885,98.90378,98.9387,98.97362,99.00855,99.04347,99.0784,99.11332,99.14824,99.18317,99.18317
kaz,Kazakhstan,90.03074,90.45431,90.82035,91.1853,91.54914,91.91189,92.27355,92.63409,92.99354,93.35189,93.70903,94.06517,94.4202,94.77413,95.12687,95.47858,95.74658,95.99702,96.30608,96.61448,96.92177,97.22752,97.53134,97.83281,97.83365
ken,Kenya,45.36002,46.23005,47.09799,47.96372,48.82715,49.68723,50.54483,51.39982,52.25212,53.10073,53.94644,54.79128,55.63461,56.47706,57.3176,58.15643,58.99333,59.8281,60.6609,61.49076,62.31821,63.14267,63.96426,64.78208,65.5966
kgz,Kyrgyz Republic,80.94251,80.94207,81.58481,82.22735,82.87012,83.47695,84.08328,84.68874,85.29352,85.89779,86.50508,87.11514,87.72767,88.34194,88.95767,89.57443,90.19192,90.80958,91.42709,92.0439,92.58732,93.25025,93.77708,94.30004,94.94306
khm,Cambodia,52.30823,53.98117,55.51061,56.91747,58.30611,59.67656,61.02855,62.36242,63.68842,65.04926,66.38911,67.708,69.00598,70.28287,71.5392,72.7748,73.98971,75.18382,76.3584,77.51322,78.64849,79.764,80.85995,81.88887,82.84976
kir,Kiribati,56.16539,57.32463,58.33211,59.33991,60.34773,61.35525,62.50457,63.76441,64.99398,66.14693,67.17284,68.18757,69.19089,70.18139,71.15976,72.1255,73.07414,74.00452,74.91721,75.81223,76.68905,77.54798,78.70165,78.88737,79.06834
kna,St. Kitts and Nevis,98.44989,98.46235,98.47481,98.48727,98.49973,98.51219,98.52464,98.5371,98.54956,98.56202,98.57448,98.58694,98.5994,98.61185,98.61185,98.61185,98.61185,98.61185,,,,,,,
kor,South Korea,,,98.76561,98.76561,98.76561,98.76561,98.76561,98.83705,98.90848,98.97991,99.05134,99.12278,99.19421,99.26564,99.33708,99.40851,99.47994,99.55137,99.62281,99.69424,99.76567,99.83711,99.90854,99.97997,100
kwt,Kuwait,100,100,100,100,100,100,100,100,100,100,100,100,100,100,100,100,100,100,100,100,100,100,100,100,100
lao,Lao,48.34133,50.53526,52.71074,54.86538,56.99941,59.04275,60.93345,62.80628,64.66209,66.49958,68.31927,70.12111,71.90526,73.67065,75.418,77.14704,78.85795,80.55005,82.2234,83.87821,85.88563,87.52424,89.14502,92.62572,95.86358
lbn,Lebanon,84.31718,84.77524,85.2333,85.69136,86.14941,86.60747,87.06553,87.52359,87.98165,88.43971,88.89777,89.35582,89.81388,90.27194,90.73,91.18806,91.64612,92.10418,92.46548,92.6,92.6,92.6,92.6,92.6,92.6
lbr,Liberia,61.02784,61.9197,62.80782,63.69158,64.57127,65.4466,66.20321,66.95272,67.69488,68.43245,69.16526,69.89337,70.61615,71.33389,72.04597,72.75248,73.45326,74.14774,74.83621,75.51833,76.19395,76.86297,77.52491,78.18001,78.82783
lby,Libya,,,,,,,,,93.07925,93.07925,93.07925,93.07925,93.07925,93.35219,93.62513,93.89807,94.17101,94.44396,94.7169,94.98984,95.26278,95.53572,95.80866,96.0816,96.35454
lca,St. Lucia,90.62743,90.61051,90.54621,90.85729,91.17701,91.50531,91.84169,92.18592,92.53761,92.89661,93.26623,93.66159,94.05696,94.45254,94.84824,95.24398,95.63962,96.03507,96.43023,96.82498,97.21923,97.61286,97.87395,98.09669,98.09568
lie,Liechtenstein,100,100,100,100,100,100,100,100,100,100,100,100,100,100,100,100,100,100,100,100,100,100,100,100,100
lka,Sri Lanka,83.67507,83.92037,84.19811,84.47623,84.75458,85.03303,85.31184,85.59076,85.87003,86.14955,86.42916,86.70912,86.98932,87.27174,87.55636,87.84305,88.13156,88.42187,88.71396,89.00747,89.30248,89.59884,89.8964,90.19503,90.21384
lso,Lesotho,64.40586,64.96082,65.52019,66.08383,66.65221,67.22455,67.80155,68.36218,68.92667,69.49442,70.06613,70.64161,71.19314,71.74728,72.30429,72.86443,73.42728,73.99309,74.56329,75.13769,75.71684,76.30032,76.88866,77.48145,78.079
ltu,Lithuania,89.64572,90.09776,90.54624,90.99636,91.44812,91.91519,92.39575,92.87504,93.35306,93.81939,94.27586,94.74195,95.22336,95.70245,96.17936,96.65407,97.12761,97.59958,98.06957,98.53721,98.89222,99.2383,99.58022,99.91757,99.9182
lux,Luxembourg,100,100,100,100,100,100,100,100,100,100,100,100,100,100,100,100,100,100,100,100,100,100,100,100,100
lva,Latvia,97.95743,97.95449,97.98752,98.0219,98.05972,98.09734,98.13208,98.1662,98.20048,98.23569,98.27171,98.3077,98.34364,98.37952,98.41534,98.45111,98.48698,98.52289,98.55882,98.59473,98.63057,98.66632,98.70194,98.73737,98.7726
mar,Morocco,62.144,63.45711,64.76395,66.06315,67.35523,68.7555,70.16348,71.55373,72.92561,74.27852,75.61386,76.93008,78.22759,79.50588,80.76534,82.00553,83.22677,84.42866,85.6112,86.7741,87.91768,89.04146,90.14621,91.2311,92.21203
mco,Monaco,100,100,100,100,100,100,100,100,100,100,100,100,100,100,100,100,100,100,100,100,100,100,100,100,100
mda,Moldova,83.00022,83.32349,83.65124,83.98348,84.32042,84.69709,85.11053,85.52447,85.93891,86.35385,86.7693,87.18525,87.60171,88.01867,88.43613,88.85235,89.27221,89.69503,90.12057,90.54832,90.978,91.40921,91.84156,92.27456,92.70792
mdg,Madagascar,36.44276,37.13655,37.82855,38.51823,39.20603,40.04291,40.87812,41.71105,42.54249,43.37005,44.19454,45.01538,45.83249,46.64531,47.45419,48.25817,49.05759,49.85194,50.64112,51.42426,52.20207,52.9733,53.73867,54.49694,55.33896
mdv,Maldives,93.97544,94.32992,94.6785,95.02078,95.35655,95.68532,95.99909,96.28742,96.59121,96.89249,97.19127,97.48752,97.78124,98.07237,98.36091,98.64686,98.93016,99.21082,99.48388,99.62315,99.64899,99.67544,99.70251,99.73019,99.75848
mex,Mexico,91.56233,92.04474,92.52266,92.99606,93.46513,93.92957,94.38955,94.84497,95.27918,95.58505,95.8875,96.18696,96.48315,96.77626,97.06631,97.35314,97.63691,97.9175,98.19501,98.46943,98.74081,99.00909,99.2738,99.40952,99.54137
mhl,Marshall Islands,88.77857,88.73611,88.69398,88.65226,88.61094,88.54551,88.4804,88.41578,88.35148,88.28776,88.22443,88.16152,88.09943,88.03831,87.978,87.91859,87.85999,87.8023,87.74533,87.68926,87.63393,87.57932,87.52553,87.47256,87.44485
mkd,North Macedonia,96.76133,96.76498,96.76863,96.77229,96.77596,96.85864,96.94041,97.02137,97.10164,97.1813,97.26048,97.33928,97.41782,97.49619,97.57452,97.65293,97.7315,97.81036,97.88962,97.96938,98.04975,98.13085,98.15896,98.18669,98.18733
mli,Mali,49.40743,51.00435,52.66529,54.32012,55.96906,57.60967,59.24328,60.86789,62.48401,64.08943,65.68251,67.26265,68.82932,70.38202,71.92057,73.44428,74.95305,76.44676,77.92487,79.38758,80.83424,82.26525,83.68012,85.07893,86.36336
mlt,Malta,100,100,100,100,100,100,100,100,100,100,100,100,100,100,100,100,100,100,100,100,100,100,100,100,100
mmr,Myanmar,47.01436,48.6071,50.22574,51.87043,53.54102,55.23737,56.95906,58.70623,60.47873,62.27615,64.09885,65.94619,67.81825,69.71466,71.63573,73.58403,75.55927,77.56094,79.58866,81.64163,83.69546,85.53104,85.58038,85.63246,85.68714
mne,Montenegro,,,,,,,95.17714,95.46031,95.74321,96.02579,96.30807,96.59009,96.87183,97.15331,97.43453,97.71547,97.9838,98.22817,98.87892,99.08157,99.28398,99.28301,99.28206,99.2811,99.28014
mng,Mongolia,62.41533,63.82369,65.2097,66.57277,67.91238,69.22586,70.51554,71.78046,73.02079,74.2337,75.42246,76.31298,77.04563,77.77983,78.5151,79.25231,79.99103,80.7308,81.47838,82.23322,82.99473,83.76163,84.53443,85.31151,86.09266
moz,Mozambique,23.44104,24.4483,25.89206,27.36371,28.86359,30.39102,31.94683,33.52931,35.28152,37.07133,38.88708,40.72723,42.59123,44.47851,46.38851,48.32064,50.27433,52.24854,54.24314,56.25877,58.29434,60.34999,62.42375,64.51576,66.62524
mrt,Mauritania,41.41342,42.32803,43.82345,45.32826,46.84217,48.36375,49.89309,51.4299,52.97428,54.52367,56.07931,57.64054,59.20671,60.77645,62.34667,63.91647,65.48501,67.05285,68.61882,70.18317,71.74513,73.30495,74.8619,76.41659,77.28465
mus,Mauritius,99.35767,99.38072,99.4038,99.42694,99.45014,99.4734,99.49671,99.52007,99.54349,99.56696,99.59049,99.61407,99.6377,99.6614,99.68515,99.70895,99.73287,99.75689,99.781,99.8052,99.82945,99.85375,99.87807,99.90241,99.92655
mwi,Malawi,54.13083,54.93477,55.7358,56.53426,57.3298,58.12274,58.91274,59.70012,60.48455,61.26952,62.05472,62.84009,63.62504,64.40976,65.19339,65.97633,66.75751,67.53727,68.31522,69.09077,69.86395,70.63417,71.40138,72.22855,73.05357
mys,Malaysia,96.10582,96.21352,96.31855,96.42101,96.52093,96.61811,96.71277,96.8049,96.89452,96.98153,97.06607,97.14202,97.215,97.28604,97.35532,97.42271,97.48836,97.55182,97.61324,97.67268,97.73019,97.78587,97.83975,97.89194,97.94247
nam,Namibia,76.23625,76.60734,77.08108,77.56987,78.0541,78.53209,79.0046,79.47089,79.93111,80.38343,80.82945,81.26765,81.70573,82.13585,82.5579,82.97104,83.37098,83.75692,84.12911,84.5549,84.96892,85.37136,85.762,86.14104,86.50874
ner,Niger,36.54791,37.35881,38.11154,38.85821,39.59819,40.33089,41.0575,41.77742,42.49009,43.19663,43.89648,44.5891,45.27557,45.95534,46.636,47.31809,48.00013,48.68264,49.3642,50.04531,50.72547,51.40379,52.08068,52.75525,53.42747
nga,Nigeria,44.48031,45.76546,47.32367,48.88988,50.46356,52.04386,53.631,55.22483,56.82523,58.43067,60.04206,61.65527,63.27026,64.88638,66.50363,68.122,69.74057,71.35998,72.97966,74.59932,76.21904,77.83855,79.45795,81.07729,82.24889
nld,Netherlands,100,100,100,100,100,100,100,100,100,100,100,100,100,100,100,100,100,100,100,100,100,100,100,100,100
nor,Norway,100,100,100,100,100,100,100,100,100,100,100,100,100,100,100,100,100,100,100,100,100,100,100,100,100
npl,Nepal,79.4884,80.16709,80.80652,81.44169,82.07251,82.69891,83.32079,83.93816,84.55084,85.15873,85.76176,86.3599,86.95328,87.54158,88.12481,88.7027,89.27519,89.84208,90.40323,90.95846,91.50762,92.05053,92.58703,93.11696,93.64012
nru,Nauru,98.3154,98.31872,98.32204,98.32535,98.32867,98.33199,98.3353,98.33862,98.30948,98.28034,98.2512,98.22205,98.1929,98.16375,98.1346,98.10545,98.07629,98.04713,98.01797,97.98881,97.95964,97.93048,97.90131,97.87214,97.84296
nzl,New Zealand,100,100,100,100,100,100,100,100,100,100,100,100,100,100,100,100,100,100,100,100,100,100,100,100,100
omn,Oman,85.63808,85.63377,85.62946,85.62515,85.69365,86.06028,86.42352,86.7832,87.13936,87.49162,87.84044,88.28549,88.7988,89.29448,89.77447,90.23849,90.68742,91.11489,91.52309,91.88826,92.16803,92.30972,92.43997,92.55989,92.67022
pak,Pakistan,87.34433,87.58608,87.82481,88.06254,88.29937,87.98582,88.14226,88.31304,88.48203,88.64923,88.81473,88.97852,89.14057,89.30073,89.45915,89.61582,89.77072,89.92378,90.07585,90.22677,90.37633,90.52431,90.67046,90.68159,90.6933
pan,Panama,89.62015,89.97598,90.32899,90.6584,90.86602,91.0628,91.25622,91.44614,91.63294,91.81649,91.99663,92.17503,92.35146,92.52587,92.69838,92.86864,93.18882,93.50739,93.82413,94.13897,94.43065,94.64367,94.85343,95.05984,95.26282
per,Peru,80.40771,81.1652,81.91209,82.64887,83.37525,84.09101,84.79697,85.49258,86.13887,86.76216,87.38151,87.99636,88.6073,89.2138,89.81618,90.41467,91.00885,91.59897,92.18632,92.77049,93.35144,93.92878,94.5023,95.07192,95.63708
phl,Philippines,86.51498,86.86711,87.24125,87.61607,87.9916,88.36783,88.74475,89.12237,89.5007,89.87981,90.26401,90.67011,91.07489,91.47845,91.88061,92.28154,92.68115,93.0806,93.47985,93.87864,94.27679,94.6741,95.07041,95.46551,95.85922
plw,Palau,99.34108,99.34429,99.3476,99.35102,99.36425,99.37698,99.38927,99.4011,99.41249,99.42343,99.43393,99.44402,99.45369,99.46294,99.4718,99.48026,99.48826,99.4958,99.50292,99.50964,99.51598,99.52195,99.52758,99.52997,99.53225
png,Papua New Guinea,29.77242,29.75864,29.74737,29.7361,29.72421,31.19758,32.67151,34.146,35.62104,36.87046,38.09732,39.30109,40.48281,41.64884,42.79861,43.93157,45.04717,46.14492,47.22473,48.28571,49.3274,50.35015,51.35313,52.33592,53.29848
pol,Poland,,,,,,98.23908,98.23582,98.23253,98.22921,98.22592,97.68796,97.14836,96.60641,96.06268,95.51704,94.96964,94.42243,93.87613,93.33123,92.78831,92.24806,91.71093,91.17763,90.64848,90.12446
prk,North Korea,99.30294,99.30254,99.30215,99.30176,99.2395,98.86547,98.49234,98.1201,97.74875,97.38018,97.01419,96.6502,96.28833,95.92847,95.57068,95.21488,94.8621,94.51245,94.16624,93.82369,93.84384,93.86514,93.8875,93.91092,
prt,Portugal,99.22967,99.21639,99.20468,99.19442,99.18561,99.17825,99.17232,99.16782,99.16474,99.16305,99.16277,99.16387,99.16633,99.17011,99.17522,99.18161,99.18927,99.19817,99.20828,99.21959,99.23207,99.24568,99.26041,99.27622,99.28761
pry,Paraguay,76.39116,77.77323,79.11788,80.35479,81.55759,82.74705,83.9229,85.08525,86.23439,87.37013,88.49255,89.60173,90.6979,91.77663,92.84213,93.89629,94.93927,95.97097,96.99205,98.02471,99.04623,99.33051,99.518,99.60096,99.6036
pse,Palestine,92.39327,92.88285,93.37112,93.85799,94.34356,94.82775,95.31062,95.79222,96.27246,96.75166,97.22978,97.70673,98.18247,98.57939,98.96806,99.20375,99.3095,99.22418,99.13726,99.04867,98.95841,98.8664,98.78094,98.77636,98.77171
qat,Qatar,99.90292,99.90292,99.90292,99.90292,99.90292,99.90292,99.90292,99.90292,99.90292,99.90907,99.91522,99.92136,99.92751,99.93366,99.9398,99.94595,99.95209,99.95824,99.96439,99.97053,99.97668,99.98283,99.98897,99.98897,99.98897
rou,Romania,100,100,100,100,100,100,100,100,100,100,100,100,100,100,100,100,100,100,100,100,100,100,100,100,100
rus,Russia,96.41184,96.41155,96.42406,96.43925,96.45545,96.47171,96.48803,96.50441,96.52086,96.53729,96.55386,96.5705,96.58831,96.60723,96.62747,96.64889,96.67159,96.6956,96.72089,96.74746,96.77534,96.80458,96.83509,96.86701,96.90026
rwa,Rwanda,47.57058,48.37034,49.18572,49.75616,50.2902,50.82476,51.36014,51.89574,52.43185,52.96879,53.50595,54.04362,54.58212,55.12083,55.66506,56.21518,56.77061,57.33205,57.89954,58.47285,59.05236,59.63812,60.23022,60.82904,61.39218
sau,Saudi Arabia,99.07876,99.07712,99.0755,99.07389,99.07229,99.07069,99.06909,99.06749,99.06591,99.06435,99.0628,99.06125,99.05969,99.05813,99.05655,99.05499,99.05341,99.05183,99.05025,99.04867,99.04709,99.04551,99.04394,99.04236,99.04078
sdn,Sudan,45.74312,45.75674,45.77037,45.78399,45.79762,46.74026,47.6823,48.62374,49.56459,50.50966,51.45881,52.41168,53.36768,54.32667,55.28808,56.25193,57.21767,58.18491,59.15346,60.12277,61.09264,62.06266,63.03247,64.00167,64.89171
sen,Senegal,59.79974,60.90665,62.01613,63.19425,64.42185,65.6454,66.86561,68.08185,69.29395,70.50139,71.70473,72.90342,74.09696,75.28554,76.46897,77.64932,78.82581,79.99847,81.16624,82.32886,83.48557,84.63607,85.77963,86.91557,88.04357
sgp,Singapore,100,100,100,100,100,100,100,100,100,100,100,100,100,100,100,100,100,100,100,100,100,100,100,100,100
slb,Solomon Islands,76.74769,76.80667,76.86685,76.92826,76.99088,76.71515,76.2782,75.85081,75.43332,75.02551,74.62768,74.23858,73.85841,73.48695,73.12396,72.76965,72.42353,72.08579,71.76151,71.58489,71.41298,71.24549,71.36738,71.48847,71.60903
sle,Sierra Leone,40.88312,41.22371,42.3564,43.48953,44.62304,45.78672,46.97215,48.15631,49.33913,50.5202,51.69944,52.87717,54.0533,55.22712,56.39924,57.56926,58.73745,59.90581,61.07471,62.24359,63.41221,64.58032,65.74765,66.91398,68.07902
slv,El Salvador,85.74345,85.88765,86.63776,87.37487,87.85739,87.48598,87.09647,84.84124,82.71172,82.39209,82.26386,83.1303,83.97767,84.80554,85.61455,86.40457,87.1729,87.91978,88.64611,89.35278,89.99236,90.42139,90.79484,91.15485,91.61999
smr,San Marino,100,100,100,100,100,100,100,100,100,100,100,100,100,100,100,100,100,100,100,100,100,100,100,100,100
som,Somalia,26.55483,27.71097,28.86289,30.22458,31.57894,33.43143,35.33958,35.52331,37.97607,40.46678,42.99143,45.54109,47.60567,49.71346,51.86357,54.05459,56.28498,58.55242,60.85529,63.19097,65.55783,67.9536,70.37633,72.82406,75.2948
srb,Serbia,89.41924,89.39539,89.37172,89.34828,89.32491,89.67201,90.02058,90.37057,90.72209,91.07507,91.42956,91.78549,92.1453,92.50678,92.86898,93.23195,93.59565,93.95988,94.32481,94.69063,95.05753,95.42568,95.41636,95.40725,95.39838
ssd,South Sudan,,,,,,,,,,,,40.29792,40.31822,40.317,40.2951,40.25382,40.19393,40.11642,40.02261,39.91362,39.79093,39.65549,39.50923,39.62664,39.74944
stp,Sao Tome and Principe,69.18871,69.64653,70.12288,70.59286,71.05183,71.49903,71.935,72.35981,72.77356,73.17593,73.56744,73.94801,74.31797,74.6745,75.01849,75.35027,75.67031,75.97909,76.27706,76.56466,76.8423,77.11048,77.55741,77.76274,77.95745
sur,Suriname,89.06166,89.52978,89.99603,90.45994,90.92175,91.35679,91.7905,92.22517,92.66098,93.09808,93.53617,93.97539,94.41576,94.85725,95.30139,95.74769,96.19546,96.64411,97.09311,97.54177,97.98963,97.99113,97.99301,97.99523,97.99785
svk,Slovak Republic,97.98089,97.97942,97.97627,97.97312,97.96997,97.96682,97.96365,97.96048,97.95733,98.25165,98.62234,98.99754,99.37583,99.52017,99.78675,99.78719,99.78751,99.78773,99.78784,99.78782,99.7877,99.78746,99.78711,99.78665,99.78607
svn,Slovenia,99.68923,99.68425,99.67926,99.67428,99.66929,99.66431,99.65932,99.65434,99.64936,99.64437,99.63939,99.6344,99.62942,99.62444,99.61945,99.61447,99.60948,99.6045,99.59951,99.59453,99.58955,99.58456,99.57958,99.57459,99.57459
swe,Sweden,99.48437,99.49638,99.50853,99.52065,99.53271,99.54471,99.55711,99.56984,99.58244,99.5949,99.60722,99.62004,99.63321,99.64609,99.65868,99.67101,99.68305,99.69483,99.70635,99.7176,99.72861,99.73937,99.74991,99.76024,99.7608
swz,Eswatini,52.38273,53.42584,54.47528,55.53105,56.59229,57.66027,58.73417,59.83257,61.05081,62.26917,63.48759,64.70639,65.89992,67.09466,68.29024,69.48694,70.68692,71.88963,73.09515,74.30323,75.51362,76.72607,77.94058,79.15638,80.37371
syc,Seychelles,93.56641,93.73978,93.91315,94.08652,94.25989,94.43327,94.60664,94.78001,94.95338,95.12675,95.30012,95.4735,95.64687,95.82024,95.99361,96.16698,96.23174,96.23825,96.24475,96.86047,97.03384,97.20721,97.38059,97.55396,97.72733
syr,Syria,91.61585,91.75862,91.89977,92.03915,92.1769,92.31275,92.44684,92.57933,92.71006,92.839,92.96631,93.01424,93.06661,93.12366,93.18529,93.33137,93.47432,93.61411,93.75071,93.88414,94.01435,94.05369,94.07794,94.10203,94.12599
tcd,Chad,38.63259,39.21389,39.79751,40.38434,40.97391,41.56622,42.16124,42.75939,43.35981,43.96291,44.57603,45.19885,45.83146,46.4731,47.12342,47.78243,48.44975,49.12497,49.80801,50.49806,51.19538,51.8991,51.99515,52.09836,52.20905
tgo,Togo,45.84011,47.20666,48.54864,49.86571,51.0023,51.94533,52.85337,53.72648,54.56516,55.36774,56.13607,56.8779,57.58879,58.26329,58.90228,59.50587,60.07531,60.61025,61.11062,61.57639,62.00752,62.404,62.76561,63.78241,64.78625
tha,Thailand,93.77659,94.14054,94.4999,94.85433,95.20367,95.5388,95.86825,96.19166,96.50891,96.81969,97.12402,97.40829,97.68573,97.95925,98.22888,98.49457,98.75637,99.01417,99.24534,99.42877,99.48757,99.95124,100,100,100
tjk,Tajikistan,55.47301,56.94821,58.43077,59.92069,61.41755,62.92219,64.43418,65.95352,67.48022,69.01426,70.55566,72.10412,73.66607,75.23948,76.82371,78.41729,80.01921,81.6282,83.24283,84.86213,86.29581,87.72462,89.14724,89.16844,89.19147
tkm,Turkmenistan,90.08511,90.44687,90.81088,91.17706,91.54547,92.03738,92.53065,93.02512,93.52026,94.01605,94.41387,94.91648,95.41894,95.92095,96.42214,96.92232,97.42116,97.91834,98.31091,98.97444,99.39665,99.61085,99.82057,99.92816,99.92196
tls,Timor-Leste,,,49.61794,51.31086,53.00072,54.67541,56.34706,58.01565,59.68173,61.43825,63.19667,64.95742,66.71977,68.48361,70.24905,72.01593,73.78409,75.55316,77.32342,79.09449,80.86641,82.63858,84.41125,85.94146,87.32965
ton,Tonga,98.54105,98.54076,98.54048,98.54018,98.53989,98.58558,98.6313,98.67695,98.72256,98.76824,98.81399,98.80974,98.80582,98.80192,98.79783,98.79355,98.78907,98.7844,98.77964,98.77483,98.77008,98.76543,98.81148,98.85773,98.85835
tto,Trinidad and Tobago,,,,,,97.30942,97.30974,97.31006,97.31038,97.3107,97.44027,97.5697,97.69898,97.82815,97.95723,98.08626,98.21526,98.34428,98.47333,98.60246,98.7317,98.86107,98.99061,99.12034,99.25031
tun,Tunisia,87.53645,87.84724,88.13898,88.4265,88.70511,88.95885,89.20965,89.45698,89.88683,90.34339,90.79592,91.24482,91.68983,92.13052,92.56746,93.00175,93.4329,93.86062,94.28474,94.70479,95.12037,95.5313,95.93726,96.3378,96.73279
tur,Turkey,92.52077,92.60699,92.81759,93.02409,93.2266,93.42498,93.61948,93.81003,93.99679,94.17966,94.35881,94.53425,94.70611,94.87404,95.03833,95.19904,95.3563,95.51015,95.66076,95.8082,95.95258,95.96141,95.97003,95.97844,95.98663
tuv,Tuvalu,98.94891,98.95478,98.96008,98.96373,98.96554,98.96595,98.96493,98.96249,98.95863,98.95338,98.94675,98.93873,98.92933,98.91862,98.9068,98.89393,98.88009,98.86536,98.84977,98.83337,98.81625,98.79845,98.78003,98.76105,98.74154
tza,Tanzania,28.61153,29.86776,31.12413,32.4758,33.94712,35.42835,36.91951,38.4196,39.92906,41.44549,42.97022,44.50135,46.03923,47.58197,49.12777,50.67617,52.22586,53.77682,55.32819,56.87875,58.42887,59.97699,61.5231,63.06609,64.60596
uga,Uganda,26.23571,27.52988,28.85045,30.19674,31.56856,32.9633,34.38262,35.82438,37.28873,38.774,40.28026,41.80625,43.35154,44.91408,46.49455,48.09126,49.70261,51.32773,52.96511,54.61487,56.27517,57.9452,59.62437,61.31152,63.0058
ukr,Ukraine,98.20391,98.2474,98.2726,98.26404,97.79284,97.3193,96.84237,96.36249,95.87966,95.3939,94.90721,94.4191,93.92956,93.75842,93.28569,93.31873,93.35138,93.38371,93.41454,93.44372,93.47121,93.49694,93.52089,93.51733,93.47909
ury,Uruguay,97.06156,97.12424,97.19621,97.26666,97.3351,97.53286,97.72304,97.90571,98.08139,98.25015,98.41262,98.56888,98.71115,98.84757,98.98115,99.11195,99.24013,99.3656,99.48853,99.55455,99.5703,99.58603,99.60166,99.61721,99.63269
usa,USA,,,,,,98.89697,98.90381,98.91061,98.91737,98.92409,99.01065,99.09637,99.18111,99.26489,99.34764,99.42934,99.5099,99.58934,99.66758,99.74463,99.82042,99.89494,99.96411,99.9805,99.98044
uzb,Uzbekistan,87.3126,87.80345,88.29018,88.77255,89.25035,89.72354,90.19222,90.65618,91.11538,91.56967,92.01923,92.43568,92.82442,93.21602,93.61048,94.00782,94.40804,94.81116,95.21857,95.62744,95.95781,96.28975,96.62281,96.95653,97.29049
vct,St. Vincent and the Grenadines,95.44888,95.60567,95.76311,95.92119,96.07992,96.23933,96.3994,96.56016,96.7216,96.88374,97.04658,97.21013,97.3744,97.53938,97.70512,97.71086,97.71664,97.72245,97.72831,,,,,,
ven,Venezuela,97.2277,97.0506,96.87351,96.69641,96.51932,96.34222,96.16513,95.98803,95.81094,95.63384,95.45675,95.27965,95.10256,94.92546,94.74837,94.57128,94.39418,94.21709,94.03999,93.8629,93.6858,93.50871,93.33161,93.33161,93.33161
vnm,Vietnam,80.64824,81.48169,82.30916,83.12973,83.94371,84.75041,85.54995,86.34211,87.12655,87.90332,88.6734,89.43496,90.1879,90.93164,91.66639,92.39186,93.10779,93.8137,94.83279,95.63426,96.29416,96.92709,97.54928,98.16066,98.76125
vut,Vanuatu,85.33176,85.3746,85.41776,85.46152,85.50559,85.74604,85.84671,85.94651,86.0456,86.14398,86.22274,86.28924,86.35506,86.42005,86.48421,86.54756,86.61022,86.67207,86.73451,86.79738,86.86095,86.92491,86.98952,87.05449,87.12006
wsm,Samoa,87.24257,87.23959,87.24376,87.25174,87.25966,87.4969,87.73334,87.9689,88.20362,88.43759,88.67084,88.90339,89.13552,90.03608,90.93824,91.84203,92.74743,93.65442,94.5631,95.4737,96.38644,97.30155,98.18471,98.93023,99.44093
yem,Yemen,40.09888,40.32279,40.55015,41.54819,42.5403,44.04032,45.55793,47.0921,48.64223,50.2077,51.78788,53.38178,54.98878,56.60857,58.23982,59.88223,61.53481,63.19694,64.86766,66.54664,68.23292,69.92561,71.62435,73.32776,75.03576
zaf,South Africa,85.956,86.46224,86.97574,87.48564,87.98649,88.47753,88.95937,89.43203,89.89582,90.34985,90.7949,91.2308,91.65782,92.07544,92.48434,92.27668,92.06339,91.84465,91.62087,91.3924,91.15984,90.9231,90.68254,90.4387,90.19168
zmb,Zambia,46.2308,47.32916,48.56693,49.79467,51.01232,52.21936,53.41626,54.60251,55.77904,56.94393,58.09906,59.24346,60.37932,61.50689,62.62519,63.7349,64.83505,65.92593,67.00737,68.07889,69.14036,70.22283,71.29589,72.359,73.41204
zwe,Zimbabwe,67.92174,68.08873,68.26585,68.23002,68.16056,68.08982,68.01738,67.94362,67.86812,67.79127,67.71264,67.63263,67.5508,67.46756,67.39436,67.33155,67.27867,67.23568,67.20293,67.17959,67.16642,67.16261,67.16891,67.18492,67.21102
